[{"model": "contenttypes.contenttype", "pk": 1, "fields": {"app_label": "admin", "model": "logentry"}}, {"model": "contenttypes.contenttype", "pk": 2, "fields": {"app_label": "auth", "model": "permission"}}, {"model": "contenttypes.contenttype", "pk": 3, "fields": {"app_label": "auth", "model": "group"}}, {"model": "contenttypes.contenttype", "pk": 4, "fields": {"app_label": "contenttypes", "model": "contenttype"}}, {"model": "contenttypes.contenttype", "pk": 5, "fields": {"app_label": "sessions", "model": "session"}}, {"model": "contenttypes.contenttype", "pk": 6, "fields": {"app_label": "authtoken", "model": "token"}}, {"model": "contenttypes.contenttype", "pk": 7, "fields": {"app_label": "practices", "model": "user"}}, {"model": "contenttypes.contenttype", "pk": 8, "fields": {"app_label": "practices", "model": "dailysummary"}}, {"model": "contenttypes.contenttype", "pk": 9, "fields": {"app_label": "practices", "model": "entity"}}, {"model": "contenttypes.contenttype", "pk": 10, "fields": {"app_label": "practices", "model": "practice"}}, {"model": "contenttypes.contenttype", "pk": 11, "fields": {"app_label": "practices", "model": "provider"}}, {"model": "contenttypes.contenttype", "pk": 12, "fields": {"app_label": "practices", "model": "specialty"}}, {"model": "contenttypes.contenttype", "pk": 13, "fields": {"app_label": "practices", "model": "collection"}}, {"model": "practices.entity", "pk": 1, "fields": {"org_type": "entity", "name": "Tri-State, Inc.", "slug": "tri-state-inc"}}, {"model": "practices.entity", "pk": 2, "fields": {"org_type": "entity", "name": "Carolina Wellness Group", "slug": "carolina-wellness-group"}}, {"model": "practices.practice", "pk": 1, "fields": {"org_type": "practice", "name": "Carolina Health", "slug": "carolina-health", "entity": 1}}, {"model": "practices.practice", "pk": 2, "fields": {"org_type": "practice", "name": "Blue Ridge Health Practice", "slug": "blue-ridge-health-practice", "entity": 1}}, {"model": "practices.practice", "pk": 3, "fields": {"org_type": "practice", "name": "Son & Son Health Practice", "slug": "son-son-health-practice", "entity": 1}}, {"model": "practices.practice", "pk": 4, "fields": {"org_type": "practice", "name": "Be Well Health Group", "slug": "be-well-health-group", "entity": 2}}, {"model": "practices.practice", "pk": 5, "fields": {"org_type": "practice", "name": "Carolina Wellness", "slug": "carolina-wellness", "entity": 2}}, {"model": "practices.practice", "pk": 6, "fields": {"org_type": "practice", "name": "Independent Health", "slug": "independent-health", "entity": null}}, {"model": "practices.specialty", "pk": 1, "fields": {"name": "Immunology", "slug": "immunology"}}, {"model": "practices.specialty", "pk": 2, "fields": {"name": "Anesthesiology", "slug": "anesthesiology"}}, {"model": "practices.specialty", "pk": 3, "fields": {"name": "Dermatology", "slug": "dermatology"}}, {"model": "practices.specialty", "pk": 4, "fields": {"name": "Radiology", "slug": "radiology"}}, {"model": "practices.specialty", "pk": 5, "fields": {"name": "Family Medicine", "slug": "family-medicine"}}, {"model": "practices.specialty", "pk": 6, "fields": {"name": "Internal Medicine", "slug": "internal-medicine"}}, {"model": "practices.specialty", "pk": 7, "fields": {"name": "Neurology", "slug": "neurology"}}, {"model": "practices.specialty", "pk": 8, "fields": {"name": "Gynecology", "slug": "gynecology"}}, {"model": "practices.specialty", "pk": 9, "fields": {"name": "Opthalmology", "slug": "opthalmology"}}, {"model": "practices.specialty", "pk": 10, "fields": {"name": "Pediatrics", "slug": "pediatrics"}}, {"model": "practices.specialty", "pk": 11, "fields": {"name": "Physical Medicine", "slug": "physical-medicine"}}, {"model": "practices.specialty", "pk": 12, "fields": {"name": "Preventive Medicine", "slug": "preventive-medicine"}}, {"model": "practices.specialty", "pk": 13, "fields": {"name": "Psychiatry", "slug": "psychiatry"}}, {"model": "practices.specialty", "pk": 14, "fields": {"name": "Urology", "slug": "urology"}}, {"model": "practices.provider", "pk": 18, "fields": {"first_name": "John", "last_name": "Smith", "slug": null, "credentials": "MD", "alias_1": null, "alias_2": null, "entity": 1, "visits_goal": 20, "practices": [1], "specialties": [5]}}, {"model": "practices.provider", "pk": 19, "fields": {"first_name": "Nicole", "last_name": "Yang", "slug": null, "credentials": "MD", "alias_1": null, "alias_2": null, "entity": 1, "visits_goal": 20, "practices": [1], "specialties": [10]}}, {"model": "practices.provider", "pk": 20, "fields": {"first_name": "John", "last_name": "Smith", "slug": null, "credentials": "MD", "alias_1": null, "alias_2": null, "entity": 1, "visits_goal": 20, "practices": [2], "specialties": [5]}}, {"model": "practices.provider", "pk": 21, "fields": {"first_name": "Bob", "last_name": "Alps", "slug": null, "credentials": "MD, Mba", "alias_1": null, "alias_2": null, "entity": 1, "visits_goal": 20, "practices": [3], "specialties": [7]}}, {"model": "practices.provider", "pk": 22, "fields": {"first_name": "Jamie", "last_name": "Young", "slug": null, "credentials": "MD, PhD", "alias_1": null, "alias_2": null, "entity": 1, "visits_goal": 20, "practices": [3], "specialties": [6]}}, {"model": "practices.provider", "pk": 23, "fields": {"first_name": "Joe", "last_name": "Heffer", "slug": null, "credentials": "MD", "alias_1": null, "alias_2": null, "entity": 2, "visits_goal": 20, "practices": [4], "specialties": [5]}}, {"model": "practices.provider", "pk": 24, "fields": {"first_name": "Jane", "last_name": "Sloane", "slug": null, "credentials": "MD, Mba", "alias_1": null, "alias_2": null, "entity": 2, "visits_goal": 20, "practices": [5], "specialties": [6, 10]}}, {"model": "auth.permission", "pk": 1, "fields": {"name": "Can add log entry", "content_type": 1, "codename": "add_logentry"}}, {"model": "auth.permission", "pk": 2, "fields": {"name": "Can change log entry", "content_type": 1, "codename": "change_logentry"}}, {"model": "auth.permission", "pk": 3, "fields": {"name": "Can delete log entry", "content_type": 1, "codename": "delete_logentry"}}, {"model": "auth.permission", "pk": 4, "fields": {"name": "Can view log entry", "content_type": 1, "codename": "view_logentry"}}, {"model": "auth.permission", "pk": 5, "fields": {"name": "Can add permission", "content_type": 2, "codename": "add_permission"}}, {"model": "auth.permission", "pk": 6, "fields": {"name": "Can change permission", "content_type": 2, "codename": "change_permission"}}, {"model": "auth.permission", "pk": 7, "fields": {"name": "Can delete permission", "content_type": 2, "codename": "delete_permission"}}, {"model": "auth.permission", "pk": 8, "fields": {"name": "Can view permission", "content_type": 2, "codename": "view_permission"}}, {"model": "auth.permission", "pk": 9, "fields": {"name": "Can add group", "content_type": 3, "codename": "add_group"}}, {"model": "auth.permission", "pk": 10, "fields": {"name": "Can change group", "content_type": 3, "codename": "change_group"}}, {"model": "auth.permission", "pk": 11, "fields": {"name": "Can delete group", "content_type": 3, "codename": "delete_group"}}, {"model": "auth.permission", "pk": 12, "fields": {"name": "Can view group", "content_type": 3, "codename": "view_group"}}, {"model": "auth.permission", "pk": 13, "fields": {"name": "Can add content type", "content_type": 4, "codename": "add_contenttype"}}, {"model": "auth.permission", "pk": 14, "fields": {"name": "Can change content type", "content_type": 4, "codename": "change_contenttype"}}, {"model": "auth.permission", "pk": 15, "fields": {"name": "Can delete content type", "content_type": 4, "codename": "delete_contenttype"}}, {"model": "auth.permission", "pk": 16, "fields": {"name": "Can view content type", "content_type": 4, "codename": "view_contenttype"}}, {"model": "auth.permission", "pk": 17, "fields": {"name": "Can add session", "content_type": 5, "codename": "add_session"}}, {"model": "auth.permission", "pk": 18, "fields": {"name": "Can change session", "content_type": 5, "codename": "change_session"}}, {"model": "auth.permission", "pk": 19, "fields": {"name": "Can delete session", "content_type": 5, "codename": "delete_session"}}, {"model": "auth.permission", "pk": 20, "fields": {"name": "Can view session", "content_type": 5, "codename": "view_session"}}, {"model": "auth.permission", "pk": 21, "fields": {"name": "Can add Token", "content_type": 6, "codename": "add_token"}}, {"model": "auth.permission", "pk": 22, "fields": {"name": "Can change Token", "content_type": 6, "codename": "change_token"}}, {"model": "auth.permission", "pk": 23, "fields": {"name": "Can delete Token", "content_type": 6, "codename": "delete_token"}}, {"model": "auth.permission", "pk": 24, "fields": {"name": "Can view Token", "content_type": 6, "codename": "view_token"}}, {"model": "auth.permission", "pk": 25, "fields": {"name": "Can add user", "content_type": 7, "codename": "add_user"}}, {"model": "auth.permission", "pk": 26, "fields": {"name": "Can change user", "content_type": 7, "codename": "change_user"}}, {"model": "auth.permission", "pk": 27, "fields": {"name": "Can delete user", "content_type": 7, "codename": "delete_user"}}, {"model": "auth.permission", "pk": 28, "fields": {"name": "Can view user", "content_type": 7, "codename": "view_user"}}, {"model": "auth.permission", "pk": 29, "fields": {"name": "Can add daily summary", "content_type": 8, "codename": "add_dailysummary"}}, {"model": "auth.permission", "pk": 30, "fields": {"name": "Can change daily summary", "content_type": 8, "codename": "change_dailysummary"}}, {"model": "auth.permission", "pk": 31, "fields": {"name": "Can delete daily summary", "content_type": 8, "codename": "delete_dailysummary"}}, {"model": "auth.permission", "pk": 32, "fields": {"name": "Can view daily summary", "content_type": 8, "codename": "view_dailysummary"}}, {"model": "auth.permission", "pk": 33, "fields": {"name": "Can add entity", "content_type": 9, "codename": "add_entity"}}, {"model": "auth.permission", "pk": 34, "fields": {"name": "Can change entity", "content_type": 9, "codename": "change_entity"}}, {"model": "auth.permission", "pk": 35, "fields": {"name": "Can delete entity", "content_type": 9, "codename": "delete_entity"}}, {"model": "auth.permission", "pk": 36, "fields": {"name": "Can view entity", "content_type": 9, "codename": "view_entity"}}, {"model": "auth.permission", "pk": 37, "fields": {"name": "Can add practice", "content_type": 10, "codename": "add_practice"}}, {"model": "auth.permission", "pk": 38, "fields": {"name": "Can change practice", "content_type": 10, "codename": "change_practice"}}, {"model": "auth.permission", "pk": 39, "fields": {"name": "Can delete practice", "content_type": 10, "codename": "delete_practice"}}, {"model": "auth.permission", "pk": 40, "fields": {"name": "Can view practice", "content_type": 10, "codename": "view_practice"}}, {"model": "auth.permission", "pk": 41, "fields": {"name": "Can add provider", "content_type": 11, "codename": "add_provider"}}, {"model": "auth.permission", "pk": 42, "fields": {"name": "Can change provider", "content_type": 11, "codename": "change_provider"}}, {"model": "auth.permission", "pk": 43, "fields": {"name": "Can delete provider", "content_type": 11, "codename": "delete_provider"}}, {"model": "auth.permission", "pk": 44, "fields": {"name": "Can view provider", "content_type": 11, "codename": "view_provider"}}, {"model": "auth.permission", "pk": 45, "fields": {"name": "Can add specialty", "content_type": 12, "codename": "add_specialty"}}, {"model": "auth.permission", "pk": 46, "fields": {"name": "Can change specialty", "content_type": 12, "codename": "change_specialty"}}, {"model": "auth.permission", "pk": 47, "fields": {"name": "Can delete specialty", "content_type": 12, "codename": "delete_specialty"}}, {"model": "auth.permission", "pk": 48, "fields": {"name": "Can view specialty", "content_type": 12, "codename": "view_specialty"}}, {"model": "auth.permission", "pk": 49, "fields": {"name": "Can add collection", "content_type": 13, "codename": "add_collection"}}, {"model": "auth.permission", "pk": 50, "fields": {"name": "Can change collection", "content_type": 13, "codename": "change_collection"}}, {"model": "auth.permission", "pk": 51, "fields": {"name": "Can delete collection", "content_type": 13, "codename": "delete_collection"}}, {"model": "auth.permission", "pk": 52, "fields": {"name": "Can view collection", "content_type": 13, "codename": "view_collection"}}, {"model": "practices.user", "pk": 1, "fields": {"password": "pbkdf2_sha256$120000$ce7BAiq2qSw0$SGE8MpKwKSwom8jD0z77Y+sferTKbPyotS7F0cmVsXU=", "last_login": "2019-08-15T15:53:44.344Z", "is_superuser": true, "first_name": "", "last_name": "", "user_type": "", "practice": null, "entity": null, "email": "rainesdemint@gmail.com", "is_staff": true, "is_active": true, "groups": [], "user_permissions": []}}, {"model": "practices.user", "pk": 2, "fields": {"password": "pbkdf2_sha256$120000$RK4rV2FJj5XT$qMUF4fc94YJbj52kV18+0M3j9l7eh9keWl+b18imvr8=", "last_login": null, "is_superuser": false, "first_name": "Sam", "last_name": "Jenkins", "user_type": "admin", "practice": null, "entity": 1, "email": "sam@tristateinc.com", "is_staff": false, "is_active": true, "groups": [], "user_permissions": []}}, {"model": "practices.user", "pk": 3, "fields": {"password": "pbkdf2_sha256$120000$qmVysH7cVYEF$YC92XR+S2ppdA/EKJKpDPztrcxt7E90Eey/yVXBCWT0=", "last_login": null, "is_superuser": false, "first_name": "Jane", "last_name": "Smith", "user_type": "staff", "practice": 1, "entity": null, "email": "jane@carolinahealth.com", "is_staff": false, "is_active": true, "groups": [], "user_permissions": []}}, {"model": "practices.user", "pk": 4, "fields": {"password": "pbkdf2_sha256$120000$WgHq4V1a60Qh$RbiQTVKy1+HUSD/zbwCRuUsnQLqk82p90/k8ZgloPSU=", "last_login": null, "is_superuser": false, "first_name": "Joe", "last_name": "Smith", "user_type": "manager", "practice": 6, "entity": null, "email": "joe@independenthealth.com", "is_staff": false, "is_active": true, "groups": [], "user_permissions": []}}, {"model": "practices.dailysummary", "pk": 80, "fields": {"submitted_by": null, "practice": 1, "entity": 1, "specialty": 5, "date": "2019-02-01", "submitted_on": "2019-08-14T22:45:52.502Z", "visits": 6, "workdays": 8, "noshows": 0, "provider": 18, "last_updated": "2019-08-14T22:45:52.502Z"}}, {"model": "practices.dailysummary", "pk": 81, "fields": {"submitted_by": null, "practice": 1, "entity": 1, "specialty": 10, "date": "2019-02-02", "submitted_on": "2019-08-14T22:45:52.502Z", "visits": 4, "workdays": 12, "noshows": 3, "provider": 19, "last_updated": "2019-08-14T22:45:52.502Z"}}, {"model": "practices.dailysummary", "pk": 82, "fields": {"submitted_by": null, "practice": 2, "entity": 1, "specialty": 5, "date": "2019-02-03", "submitted_on": "2019-08-14T22:45:52.517Z", "visits": 6, "workdays": 7, "noshows": 2, "provider": 20, "last_updated": "2019-08-14T22:45:52.517Z"}}, {"model": "practices.dailysummary", "pk": 83, "fields": {"submitted_by": null, "practice": 3, "entity": 1, "specialty": 7, "date": "2019-02-04", "submitted_on": "2019-08-14T22:45:52.517Z", "visits": 11, "workdays": 6, "noshows": 1, "provider": 21, "last_updated": "2019-08-14T22:45:52.517Z"}}, {"model": "practices.dailysummary", "pk": 84, "fields": {"submitted_by": null, "practice": 3, "entity": 1, "specialty": 6, "date": "2019-02-05", "submitted_on": "2019-08-14T22:45:52.517Z", "visits": 8, "workdays": 11, "noshows": 2, "provider": 22, "last_updated": "2019-08-14T22:45:52.517Z"}}, {"model": "practices.dailysummary", "pk": 85, "fields": {"submitted_by": null, "practice": 1, "entity": 1, "specialty": 5, "date": "2019-02-06", "submitted_on": "2019-08-14T22:45:52.533Z", "visits": 4, "workdays": 12, "noshows": 3, "provider": 18, "last_updated": "2019-08-14T22:45:52.533Z"}}, {"model": "practices.dailysummary", "pk": 86, "fields": {"submitted_by": null, "practice": 1, "entity": 1, "specialty": 10, "date": "2019-02-07", "submitted_on": "2019-08-14T22:45:52.533Z", "visits": 3, "workdays": 6, "noshows": 3, "provider": 19, "last_updated": "2019-08-14T22:45:52.533Z"}}, {"model": "practices.dailysummary", "pk": 87, "fields": {"submitted_by": null, "practice": 2, "entity": 1, "specialty": 5, "date": "2019-02-08", "submitted_on": "2019-08-14T22:45:52.545Z", "visits": 3, "workdays": 10, "noshows": 2, "provider": 20, "last_updated": "2019-08-14T22:45:52.545Z"}}, {"model": "practices.dailysummary", "pk": 88, "fields": {"submitted_by": null, "practice": 3, "entity": 1, "specialty": 7, "date": "2019-02-09", "submitted_on": "2019-08-14T22:45:52.545Z", "visits": 5, "workdays": 7, "noshows": 2, "provider": 21, "last_updated": "2019-08-14T22:45:52.545Z"}}, {"model": "practices.dailysummary", "pk": 89, "fields": {"submitted_by": null, "practice": 3, "entity": 1, "specialty": 6, "date": "2019-02-10", "submitted_on": "2019-08-14T22:45:52.545Z", "visits": 5, "workdays": 9, "noshows": 0, "provider": 22, "last_updated": "2019-08-14T22:45:52.545Z"}}, {"model": "practices.dailysummary", "pk": 90, "fields": {"submitted_by": null, "practice": 1, "entity": 1, "specialty": 5, "date": "2019-02-11", "submitted_on": "2019-08-14T22:45:52.564Z", "visits": 5, "workdays": 6, "noshows": 2, "provider": 18, "last_updated": "2019-08-14T22:45:52.564Z"}}, {"model": "practices.dailysummary", "pk": 91, "fields": {"submitted_by": null, "practice": 1, "entity": 1, "specialty": 10, "date": "2019-02-12", "submitted_on": "2019-08-14T22:45:52.570Z", "visits": 5, "workdays": 8, "noshows": 2, "provider": 19, "last_updated": "2019-08-14T22:45:52.570Z"}}, {"model": "practices.dailysummary", "pk": 92, "fields": {"submitted_by": null, "practice": 2, "entity": 1, "specialty": 5, "date": "2019-02-13", "submitted_on": "2019-08-14T22:45:52.575Z", "visits": 5, "workdays": 9, "noshows": 5, "provider": 20, "last_updated": "2019-08-14T22:45:52.575Z"}}, {"model": "practices.dailysummary", "pk": 93, "fields": {"submitted_by": null, "practice": 3, "entity": 1, "specialty": 7, "date": "2019-02-14", "submitted_on": "2019-08-14T22:45:52.581Z", "visits": 5, "workdays": 6, "noshows": 0, "provider": 21, "last_updated": "2019-08-14T22:45:52.581Z"}}, {"model": "practices.dailysummary", "pk": 94, "fields": {"submitted_by": null, "practice": 3, "entity": 1, "specialty": 6, "date": "2019-02-15", "submitted_on": "2019-08-14T22:45:52.586Z", "visits": 3, "workdays": 10, "noshows": 1, "provider": 22, "last_updated": "2019-08-14T22:45:52.586Z"}}, {"model": "practices.dailysummary", "pk": 95, "fields": {"submitted_by": null, "practice": 1, "entity": 1, "specialty": 5, "date": "2019-02-16", "submitted_on": "2019-08-14T22:45:52.592Z", "visits": 5, "workdays": 12, "noshows": 6, "provider": 18, "last_updated": "2019-08-14T22:45:52.592Z"}}, {"model": "practices.dailysummary", "pk": 96, "fields": {"submitted_by": null, "practice": 1, "entity": 1, "specialty": 10, "date": "2019-02-17", "submitted_on": "2019-08-14T22:45:52.597Z", "visits": 3, "workdays": 9, "noshows": 6, "provider": 19, "last_updated": "2019-08-14T22:45:52.597Z"}}, {"model": "practices.dailysummary", "pk": 97, "fields": {"submitted_by": null, "practice": 2, "entity": 1, "specialty": 5, "date": "2019-02-18", "submitted_on": "2019-08-14T22:45:52.603Z", "visits": 4, "workdays": 10, "noshows": 1, "provider": 20, "last_updated": "2019-08-14T22:45:52.603Z"}}, {"model": "practices.dailysummary", "pk": 98, "fields": {"submitted_by": null, "practice": 3, "entity": 1, "specialty": 7, "date": "2019-02-19", "submitted_on": "2019-08-14T22:45:52.606Z", "visits": 4, "workdays": 12, "noshows": 3, "provider": 21, "last_updated": "2019-08-14T22:45:52.606Z"}}, {"model": "practices.dailysummary", "pk": 99, "fields": {"submitted_by": null, "practice": 3, "entity": 1, "specialty": 6, "date": "2019-02-20", "submitted_on": "2019-08-14T22:45:52.606Z", "visits": 4, "workdays": 10, "noshows": 6, "provider": 22, "last_updated": "2019-08-14T22:45:52.606Z"}}, {"model": "practices.dailysummary", "pk": 100, "fields": {"submitted_by": null, "practice": 1, "entity": 1, "specialty": 5, "date": "2019-02-21", "submitted_on": "2019-08-14T22:45:52.606Z", "visits": 4, "workdays": 12, "noshows": 3, "provider": 18, "last_updated": "2019-08-14T22:45:52.606Z"}}, {"model": "practices.dailysummary", "pk": 101, "fields": {"submitted_by": null, "practice": 1, "entity": 1, "specialty": 10, "date": "2019-02-22", "submitted_on": "2019-08-14T22:45:52.622Z", "visits": 5, "workdays": 8, "noshows": 5, "provider": 19, "last_updated": "2019-08-14T22:45:52.622Z"}}, {"model": "practices.dailysummary", "pk": 102, "fields": {"submitted_by": null, "practice": 2, "entity": 1, "specialty": 5, "date": "2019-02-23", "submitted_on": "2019-08-14T22:45:52.622Z", "visits": 3, "workdays": 9, "noshows": 4, "provider": 20, "last_updated": "2019-08-14T22:45:52.622Z"}}, {"model": "practices.dailysummary", "pk": 103, "fields": {"submitted_by": null, "practice": 3, "entity": 1, "specialty": 7, "date": "2019-02-24", "submitted_on": "2019-08-14T22:45:52.622Z", "visits": 5, "workdays": 7, "noshows": 4, "provider": 21, "last_updated": "2019-08-14T22:45:52.622Z"}}, {"model": "practices.dailysummary", "pk": 104, "fields": {"submitted_by": null, "practice": 3, "entity": 1, "specialty": 6, "date": "2019-02-25", "submitted_on": "2019-08-14T22:45:52.637Z", "visits": 5, "workdays": 12, "noshows": 4, "provider": 22, "last_updated": "2019-08-14T22:45:52.637Z"}}, {"model": "practices.dailysummary", "pk": 105, "fields": {"submitted_by": null, "practice": 1, "entity": 1, "specialty": 5, "date": "2019-02-26", "submitted_on": "2019-08-14T22:45:52.637Z", "visits": 5, "workdays": 8, "noshows": 1, "provider": 18, "last_updated": "2019-08-14T22:45:52.637Z"}}, {"model": "practices.dailysummary", "pk": 106, "fields": {"submitted_by": null, "practice": 1, "entity": 1, "specialty": 10, "date": "2019-02-27", "submitted_on": "2019-08-14T22:45:52.645Z", "visits": 5, "workdays": 6, "noshows": 4, "provider": 19, "last_updated": "2019-08-14T22:45:52.645Z"}}, {"model": "practices.dailysummary", "pk": 107, "fields": {"submitted_by": null, "practice": 2, "entity": 1, "specialty": 5, "date": "2019-02-28", "submitted_on": "2019-08-14T22:45:52.645Z", "visits": 4, "workdays": 8, "noshows": 3, "provider": 20, "last_updated": "2019-08-14T22:45:52.645Z"}}, {"model": "practices.dailysummary", "pk": 108, "fields": {"submitted_by": null, "practice": 3, "entity": 1, "specialty": 7, "date": "2019-03-01", "submitted_on": "2019-08-14T22:45:52.645Z", "visits": 4, "workdays": 8, "noshows": 0, "provider": 21, "last_updated": "2019-08-14T22:45:52.645Z"}}, {"model": "practices.dailysummary", "pk": 109, "fields": {"submitted_by": null, "practice": 3, "entity": 1, "specialty": 6, "date": "2019-03-02", "submitted_on": "2019-08-14T22:45:52.661Z", "visits": 5, "workdays": 10, "noshows": 4, "provider": 22, "last_updated": "2019-08-14T22:45:52.661Z"}}, {"model": "practices.dailysummary", "pk": 110, "fields": {"submitted_by": null, "practice": 1, "entity": 1, "specialty": 5, "date": "2019-03-03", "submitted_on": "2019-08-14T22:45:52.661Z", "visits": 5, "workdays": 12, "noshows": 1, "provider": 18, "last_updated": "2019-08-14T22:45:52.661Z"}}, {"model": "practices.dailysummary", "pk": 111, "fields": {"submitted_by": null, "practice": 1, "entity": 1, "specialty": 10, "date": "2019-03-04", "submitted_on": "2019-08-14T22:45:52.661Z", "visits": 5, "workdays": 10, "noshows": 0, "provider": 19, "last_updated": "2019-08-14T22:45:52.661Z"}}, {"model": "practices.dailysummary", "pk": 112, "fields": {"submitted_by": null, "practice": 2, "entity": 1, "specialty": 5, "date": "2019-03-05", "submitted_on": "2019-08-14T22:45:52.677Z", "visits": 3, "workdays": 12, "noshows": 4, "provider": 20, "last_updated": "2019-08-14T22:45:52.677Z"}}, {"model": "practices.dailysummary", "pk": 113, "fields": {"submitted_by": null, "practice": 3, "entity": 1, "specialty": 7, "date": "2019-03-06", "submitted_on": "2019-08-14T22:45:52.677Z", "visits": 3, "workdays": 12, "noshows": 2, "provider": 21, "last_updated": "2019-08-14T22:45:52.677Z"}}, {"model": "practices.dailysummary", "pk": 114, "fields": {"submitted_by": null, "practice": 3, "entity": 1, "specialty": 6, "date": "2019-03-07", "submitted_on": "2019-08-14T22:45:52.677Z", "visits": 5, "workdays": 8, "noshows": 0, "provider": 22, "last_updated": "2019-08-14T22:45:52.677Z"}}, {"model": "practices.dailysummary", "pk": 115, "fields": {"submitted_by": null, "practice": 1, "entity": 1, "specialty": 5, "date": "2019-03-08", "submitted_on": "2019-08-14T22:45:52.692Z", "visits": 3, "workdays": 11, "noshows": 1, "provider": 18, "last_updated": "2019-08-14T22:45:52.692Z"}}, {"model": "practices.dailysummary", "pk": 116, "fields": {"submitted_by": null, "practice": 1, "entity": 1, "specialty": 10, "date": "2019-03-09", "submitted_on": "2019-08-14T22:45:52.692Z", "visits": 5, "workdays": 9, "noshows": 6, "provider": 19, "last_updated": "2019-08-14T22:45:52.692Z"}}, {"model": "practices.dailysummary", "pk": 117, "fields": {"submitted_by": null, "practice": 2, "entity": 1, "specialty": 5, "date": "2019-03-10", "submitted_on": "2019-08-14T22:45:52.692Z", "visits": 5, "workdays": 6, "noshows": 0, "provider": 20, "last_updated": "2019-08-14T22:45:52.692Z"}}, {"model": "practices.dailysummary", "pk": 118, "fields": {"submitted_by": null, "practice": 3, "entity": 1, "specialty": 7, "date": "2019-03-11", "submitted_on": "2019-08-14T22:45:52.708Z", "visits": 3, "workdays": 8, "noshows": 3, "provider": 21, "last_updated": "2019-08-14T22:45:52.708Z"}}, {"model": "practices.dailysummary", "pk": 119, "fields": {"submitted_by": null, "practice": 3, "entity": 1, "specialty": 6, "date": "2019-03-12", "submitted_on": "2019-08-14T22:45:52.708Z", "visits": 5, "workdays": 10, "noshows": 6, "provider": 22, "last_updated": "2019-08-14T22:45:52.708Z"}}, {"model": "practices.dailysummary", "pk": 120, "fields": {"submitted_by": null, "practice": 1, "entity": 1, "specialty": 5, "date": "2019-03-13", "submitted_on": "2019-08-14T22:45:52.723Z", "visits": 3, "workdays": 7, "noshows": 0, "provider": 18, "last_updated": "2019-08-14T22:45:52.723Z"}}, {"model": "practices.dailysummary", "pk": 121, "fields": {"submitted_by": null, "practice": 1, "entity": 1, "specialty": 10, "date": "2019-03-14", "submitted_on": "2019-08-14T22:45:52.723Z", "visits": 5, "workdays": 9, "noshows": 0, "provider": 19, "last_updated": "2019-08-14T22:45:52.723Z"}}, {"model": "practices.dailysummary", "pk": 122, "fields": {"submitted_by": null, "practice": 2, "entity": 1, "specialty": 5, "date": "2019-03-15", "submitted_on": "2019-08-14T22:45:52.723Z", "visits": 3, "workdays": 7, "noshows": 6, "provider": 20, "last_updated": "2019-08-14T22:45:52.723Z"}}, {"model": "practices.dailysummary", "pk": 123, "fields": {"submitted_by": null, "practice": 3, "entity": 1, "specialty": 7, "date": "2019-03-16", "submitted_on": "2019-08-14T22:45:52.739Z", "visits": 4, "workdays": 7, "noshows": 3, "provider": 21, "last_updated": "2019-08-14T22:45:52.739Z"}}, {"model": "practices.dailysummary", "pk": 124, "fields": {"submitted_by": null, "practice": 3, "entity": 1, "specialty": 6, "date": "2019-03-17", "submitted_on": "2019-08-14T22:45:52.746Z", "visits": 5, "workdays": 10, "noshows": 3, "provider": 22, "last_updated": "2019-08-14T22:45:52.746Z"}}, {"model": "practices.dailysummary", "pk": 125, "fields": {"submitted_by": null, "practice": 1, "entity": 1, "specialty": 5, "date": "2019-03-18", "submitted_on": "2019-08-14T22:45:52.746Z", "visits": 5, "workdays": 8, "noshows": 6, "provider": 18, "last_updated": "2019-08-14T22:45:52.746Z"}}, {"model": "practices.dailysummary", "pk": 126, "fields": {"submitted_by": null, "practice": 1, "entity": 1, "specialty": 10, "date": "2019-03-19", "submitted_on": "2019-08-14T22:45:52.746Z", "visits": 5, "workdays": 7, "noshows": 3, "provider": 19, "last_updated": "2019-08-14T22:45:52.746Z"}}, {"model": "practices.dailysummary", "pk": 127, "fields": {"submitted_by": null, "practice": 2, "entity": 1, "specialty": 5, "date": "2019-03-20", "submitted_on": "2019-08-14T22:45:52.761Z", "visits": 5, "workdays": 8, "noshows": 2, "provider": 20, "last_updated": "2019-08-14T22:45:52.761Z"}}, {"model": "practices.dailysummary", "pk": 128, "fields": {"submitted_by": null, "practice": 3, "entity": 1, "specialty": 7, "date": "2019-03-21", "submitted_on": "2019-08-14T22:45:52.761Z", "visits": 3, "workdays": 7, "noshows": 4, "provider": 21, "last_updated": "2019-08-14T22:45:52.761Z"}}, {"model": "practices.dailysummary", "pk": 129, "fields": {"submitted_by": null, "practice": 3, "entity": 1, "specialty": 6, "date": "2019-03-22", "submitted_on": "2019-08-14T22:45:52.761Z", "visits": 3, "workdays": 11, "noshows": 3, "provider": 22, "last_updated": "2019-08-14T22:45:52.761Z"}}, {"model": "practices.dailysummary", "pk": 130, "fields": {"submitted_by": null, "practice": 1, "entity": 1, "specialty": 5, "date": "2019-03-23", "submitted_on": "2019-08-14T22:45:52.777Z", "visits": 3, "workdays": 7, "noshows": 3, "provider": 18, "last_updated": "2019-08-14T22:45:52.777Z"}}, {"model": "practices.dailysummary", "pk": 131, "fields": {"submitted_by": null, "practice": 1, "entity": 1, "specialty": 10, "date": "2019-03-24", "submitted_on": "2019-08-14T22:45:52.777Z", "visits": 4, "workdays": 6, "noshows": 3, "provider": 19, "last_updated": "2019-08-14T22:45:52.777Z"}}, {"model": "practices.dailysummary", "pk": 132, "fields": {"submitted_by": null, "practice": 2, "entity": 1, "specialty": 5, "date": "2019-03-25", "submitted_on": "2019-08-14T22:45:52.777Z", "visits": 5, "workdays": 8, "noshows": 5, "provider": 20, "last_updated": "2019-08-14T22:45:52.777Z"}}, {"model": "practices.dailysummary", "pk": 133, "fields": {"submitted_by": null, "practice": 3, "entity": 1, "specialty": 7, "date": "2019-03-26", "submitted_on": "2019-08-14T22:45:52.793Z", "visits": 5, "workdays": 7, "noshows": 6, "provider": 21, "last_updated": "2019-08-14T22:45:52.793Z"}}, {"model": "practices.dailysummary", "pk": 134, "fields": {"submitted_by": null, "practice": 3, "entity": 1, "specialty": 6, "date": "2019-03-27", "submitted_on": "2019-08-14T22:45:52.793Z", "visits": 4, "workdays": 6, "noshows": 3, "provider": 22, "last_updated": "2019-08-14T22:45:52.793Z"}}, {"model": "practices.dailysummary", "pk": 135, "fields": {"submitted_by": null, "practice": 1, "entity": 1, "specialty": 5, "date": "2019-03-28", "submitted_on": "2019-08-14T22:45:52.793Z", "visits": 3, "workdays": 9, "noshows": 2, "provider": 18, "last_updated": "2019-08-14T22:45:52.793Z"}}, {"model": "practices.dailysummary", "pk": 136, "fields": {"submitted_by": null, "practice": 1, "entity": 1, "specialty": 10, "date": "2019-03-29", "submitted_on": "2019-08-14T22:45:52.808Z", "visits": 4, "workdays": 8, "noshows": 1, "provider": 19, "last_updated": "2019-08-14T22:45:52.808Z"}}, {"model": "practices.dailysummary", "pk": 137, "fields": {"submitted_by": null, "practice": 2, "entity": 1, "specialty": 5, "date": "2019-03-30", "submitted_on": "2019-08-14T22:45:52.808Z", "visits": 5, "workdays": 12, "noshows": 0, "provider": 20, "last_updated": "2019-08-14T22:45:52.808Z"}}, {"model": "practices.dailysummary", "pk": 138, "fields": {"submitted_by": null, "practice": 3, "entity": 1, "specialty": 7, "date": "2019-03-31", "submitted_on": "2019-08-14T22:45:52.808Z", "visits": 5, "workdays": 6, "noshows": 1, "provider": 21, "last_updated": "2019-08-14T22:45:52.808Z"}}, {"model": "practices.dailysummary", "pk": 139, "fields": {"submitted_by": null, "practice": 3, "entity": 1, "specialty": 6, "date": "2019-04-01", "submitted_on": "2019-08-14T22:45:52.824Z", "visits": 3, "workdays": 7, "noshows": 1, "provider": 22, "last_updated": "2019-08-14T22:45:52.824Z"}}, {"model": "practices.dailysummary", "pk": 140, "fields": {"submitted_by": null, "practice": 1, "entity": 1, "specialty": 5, "date": "2019-04-02", "submitted_on": "2019-08-14T22:45:52.824Z", "visits": 3, "workdays": 7, "noshows": 4, "provider": 18, "last_updated": "2019-08-14T22:45:52.824Z"}}, {"model": "practices.dailysummary", "pk": 141, "fields": {"submitted_by": null, "practice": 1, "entity": 1, "specialty": 10, "date": "2019-04-03", "submitted_on": "2019-08-14T22:45:52.824Z", "visits": 5, "workdays": 6, "noshows": 3, "provider": 19, "last_updated": "2019-08-14T22:45:52.824Z"}}, {"model": "practices.dailysummary", "pk": 142, "fields": {"submitted_by": null, "practice": 2, "entity": 1, "specialty": 5, "date": "2019-04-04", "submitted_on": "2019-08-14T22:45:52.839Z", "visits": 3, "workdays": 6, "noshows": 3, "provider": 20, "last_updated": "2019-08-14T22:45:52.839Z"}}, {"model": "practices.dailysummary", "pk": 143, "fields": {"submitted_by": null, "practice": 3, "entity": 1, "specialty": 7, "date": "2019-04-05", "submitted_on": "2019-08-14T22:45:52.846Z", "visits": 3, "workdays": 7, "noshows": 3, "provider": 21, "last_updated": "2019-08-14T22:45:52.846Z"}}, {"model": "practices.dailysummary", "pk": 144, "fields": {"submitted_by": null, "practice": 3, "entity": 1, "specialty": 6, "date": "2019-04-06", "submitted_on": "2019-08-14T22:45:52.846Z", "visits": 4, "workdays": 8, "noshows": 0, "provider": 22, "last_updated": "2019-08-14T22:45:52.846Z"}}, {"model": "practices.dailysummary", "pk": 145, "fields": {"submitted_by": null, "practice": 1, "entity": 1, "specialty": 5, "date": "2019-04-07", "submitted_on": "2019-08-14T22:45:52.846Z", "visits": 3, "workdays": 7, "noshows": 1, "provider": 18, "last_updated": "2019-08-14T22:45:52.846Z"}}, {"model": "practices.dailysummary", "pk": 146, "fields": {"submitted_by": null, "practice": 1, "entity": 1, "specialty": 10, "date": "2019-04-08", "submitted_on": "2019-08-14T22:45:52.862Z", "visits": 4, "workdays": 12, "noshows": 0, "provider": 19, "last_updated": "2019-08-14T22:45:52.862Z"}}, {"model": "practices.dailysummary", "pk": 147, "fields": {"submitted_by": null, "practice": 2, "entity": 1, "specialty": 5, "date": "2019-04-09", "submitted_on": "2019-08-14T22:45:52.862Z", "visits": 5, "workdays": 11, "noshows": 4, "provider": 20, "last_updated": "2019-08-14T22:45:52.862Z"}}, {"model": "practices.dailysummary", "pk": 148, "fields": {"submitted_by": null, "practice": 3, "entity": 1, "specialty": 7, "date": "2019-04-10", "submitted_on": "2019-08-14T22:45:52.862Z", "visits": 3, "workdays": 9, "noshows": 2, "provider": 21, "last_updated": "2019-08-14T22:45:52.862Z"}}, {"model": "practices.dailysummary", "pk": 149, "fields": {"submitted_by": null, "practice": 3, "entity": 1, "specialty": 6, "date": "2019-04-11", "submitted_on": "2019-08-14T22:45:52.877Z", "visits": 5, "workdays": 6, "noshows": 4, "provider": 22, "last_updated": "2019-08-14T22:45:52.877Z"}}, {"model": "practices.dailysummary", "pk": 150, "fields": {"submitted_by": null, "practice": 1, "entity": 1, "specialty": 5, "date": "2019-04-12", "submitted_on": "2019-08-14T22:45:52.877Z", "visits": 3, "workdays": 7, "noshows": 4, "provider": 18, "last_updated": "2019-08-14T22:45:52.877Z"}}, {"model": "practices.dailysummary", "pk": 151, "fields": {"submitted_by": null, "practice": 1, "entity": 1, "specialty": 10, "date": "2019-04-13", "submitted_on": "2019-08-14T22:45:52.877Z", "visits": 3, "workdays": 12, "noshows": 1, "provider": 19, "last_updated": "2019-08-14T22:45:52.877Z"}}, {"model": "practices.dailysummary", "pk": 152, "fields": {"submitted_by": null, "practice": 2, "entity": 1, "specialty": 5, "date": "2019-04-14", "submitted_on": "2019-08-14T22:45:52.893Z", "visits": 5, "workdays": 10, "noshows": 2, "provider": 20, "last_updated": "2019-08-14T22:45:52.893Z"}}, {"model": "practices.dailysummary", "pk": 153, "fields": {"submitted_by": null, "practice": 3, "entity": 1, "specialty": 7, "date": "2019-04-15", "submitted_on": "2019-08-14T22:45:52.893Z", "visits": 5, "workdays": 10, "noshows": 1, "provider": 21, "last_updated": "2019-08-14T22:45:52.893Z"}}, {"model": "practices.dailysummary", "pk": 154, "fields": {"submitted_by": null, "practice": 3, "entity": 1, "specialty": 6, "date": "2019-04-16", "submitted_on": "2019-08-14T22:45:52.893Z", "visits": 4, "workdays": 7, "noshows": 4, "provider": 22, "last_updated": "2019-08-14T22:45:52.893Z"}}, {"model": "practices.dailysummary", "pk": 155, "fields": {"submitted_by": null, "practice": 1, "entity": 1, "specialty": 5, "date": "2019-04-17", "submitted_on": "2019-08-14T22:45:52.908Z", "visits": 5, "workdays": 9, "noshows": 2, "provider": 18, "last_updated": "2019-08-14T22:45:52.908Z"}}, {"model": "practices.dailysummary", "pk": 156, "fields": {"submitted_by": null, "practice": 1, "entity": 1, "specialty": 10, "date": "2019-04-18", "submitted_on": "2019-08-14T22:45:52.908Z", "visits": 3, "workdays": 6, "noshows": 1, "provider": 19, "last_updated": "2019-08-14T22:45:52.908Z"}}, {"model": "practices.dailysummary", "pk": 157, "fields": {"submitted_by": null, "practice": 2, "entity": 1, "specialty": 5, "date": "2019-04-19", "submitted_on": "2019-08-14T22:45:52.924Z", "visits": 4, "workdays": 12, "noshows": 0, "provider": 20, "last_updated": "2019-08-14T22:45:52.924Z"}}, {"model": "practices.dailysummary", "pk": 158, "fields": {"submitted_by": null, "practice": 3, "entity": 1, "specialty": 7, "date": "2019-04-20", "submitted_on": "2019-08-14T22:45:52.924Z", "visits": 3, "workdays": 8, "noshows": 1, "provider": 21, "last_updated": "2019-08-14T22:45:52.924Z"}}, {"model": "practices.dailysummary", "pk": 159, "fields": {"submitted_by": null, "practice": 3, "entity": 1, "specialty": 6, "date": "2019-04-21", "submitted_on": "2019-08-14T22:45:52.924Z", "visits": 4, "workdays": 7, "noshows": 0, "provider": 22, "last_updated": "2019-08-14T22:45:52.924Z"}}, {"model": "practices.dailysummary", "pk": 160, "fields": {"submitted_by": null, "practice": 1, "entity": 1, "specialty": 5, "date": "2019-04-22", "submitted_on": "2019-08-14T22:45:52.940Z", "visits": 5, "workdays": 12, "noshows": 4, "provider": 18, "last_updated": "2019-08-14T22:45:52.940Z"}}, {"model": "practices.dailysummary", "pk": 161, "fields": {"submitted_by": null, "practice": 1, "entity": 1, "specialty": 10, "date": "2019-04-23", "submitted_on": "2019-08-14T22:45:52.940Z", "visits": 3, "workdays": 10, "noshows": 3, "provider": 19, "last_updated": "2019-08-14T22:45:52.940Z"}}, {"model": "practices.dailysummary", "pk": 162, "fields": {"submitted_by": null, "practice": 2, "entity": 1, "specialty": 5, "date": "2019-04-24", "submitted_on": "2019-08-14T22:45:52.946Z", "visits": 3, "workdays": 7, "noshows": 6, "provider": 20, "last_updated": "2019-08-14T22:45:52.946Z"}}, {"model": "practices.dailysummary", "pk": 163, "fields": {"submitted_by": null, "practice": 3, "entity": 1, "specialty": 7, "date": "2019-04-25", "submitted_on": "2019-08-14T22:45:52.946Z", "visits": 4, "workdays": 10, "noshows": 4, "provider": 21, "last_updated": "2019-08-14T22:45:52.946Z"}}, {"model": "practices.dailysummary", "pk": 164, "fields": {"submitted_by": null, "practice": 3, "entity": 1, "specialty": 6, "date": "2019-04-26", "submitted_on": "2019-08-14T22:45:52.962Z", "visits": 5, "workdays": 6, "noshows": 2, "provider": 22, "last_updated": "2019-08-14T22:45:52.962Z"}}, {"model": "practices.dailysummary", "pk": 165, "fields": {"submitted_by": null, "practice": 1, "entity": 1, "specialty": 5, "date": "2019-04-27", "submitted_on": "2019-08-14T22:45:52.962Z", "visits": 4, "workdays": 12, "noshows": 2, "provider": 18, "last_updated": "2019-08-14T22:45:52.962Z"}}, {"model": "practices.dailysummary", "pk": 166, "fields": {"submitted_by": null, "practice": 1, "entity": 1, "specialty": 10, "date": "2019-04-28", "submitted_on": "2019-08-14T22:45:52.962Z", "visits": 3, "workdays": 8, "noshows": 4, "provider": 19, "last_updated": "2019-08-14T22:45:52.962Z"}}, {"model": "practices.dailysummary", "pk": 167, "fields": {"submitted_by": null, "practice": 2, "entity": 1, "specialty": 5, "date": "2019-04-29", "submitted_on": "2019-08-14T22:45:52.977Z", "visits": 3, "workdays": 11, "noshows": 3, "provider": 20, "last_updated": "2019-08-14T22:45:52.977Z"}}, {"model": "practices.dailysummary", "pk": 168, "fields": {"submitted_by": null, "practice": 3, "entity": 1, "specialty": 7, "date": "2019-04-30", "submitted_on": "2019-08-14T22:45:52.977Z", "visits": 3, "workdays": 7, "noshows": 0, "provider": 21, "last_updated": "2019-08-14T22:45:52.977Z"}}, {"model": "practices.dailysummary", "pk": 169, "fields": {"submitted_by": null, "practice": 3, "entity": 1, "specialty": 6, "date": "2019-05-01", "submitted_on": "2019-08-14T22:45:52.977Z", "visits": 4, "workdays": 7, "noshows": 3, "provider": 22, "last_updated": "2019-08-14T22:45:52.977Z"}}, {"model": "practices.dailysummary", "pk": 170, "fields": {"submitted_by": null, "practice": 1, "entity": 1, "specialty": 5, "date": "2019-05-02", "submitted_on": "2019-08-14T22:45:52.993Z", "visits": 3, "workdays": 11, "noshows": 4, "provider": 18, "last_updated": "2019-08-14T22:45:52.993Z"}}, {"model": "practices.dailysummary", "pk": 171, "fields": {"submitted_by": null, "practice": 1, "entity": 1, "specialty": 10, "date": "2019-05-03", "submitted_on": "2019-08-14T22:45:52.993Z", "visits": 4, "workdays": 7, "noshows": 2, "provider": 19, "last_updated": "2019-08-14T22:45:52.993Z"}}, {"model": "practices.dailysummary", "pk": 172, "fields": {"submitted_by": null, "practice": 2, "entity": 1, "specialty": 5, "date": "2019-05-04", "submitted_on": "2019-08-14T22:45:52.993Z", "visits": 3, "workdays": 8, "noshows": 0, "provider": 20, "last_updated": "2019-08-14T22:45:52.993Z"}}, {"model": "practices.dailysummary", "pk": 173, "fields": {"submitted_by": null, "practice": 5, "entity": 2, "specialty": 6, "date": "2019-05-05", "submitted_on": "2019-08-14T22:45:53.009Z", "visits": 3, "workdays": 7, "noshows": 3, "provider": 24, "last_updated": "2019-08-14T22:45:53.009Z"}}, {"model": "practices.dailysummary", "pk": 174, "fields": {"submitted_by": null, "practice": 5, "entity": 2, "specialty": 6, "date": "2019-05-06", "submitted_on": "2019-08-14T22:45:53.009Z", "visits": 4, "workdays": 11, "noshows": 4, "provider": 24, "last_updated": "2019-08-14T22:45:53.009Z"}}, {"model": "practices.dailysummary", "pk": 175, "fields": {"submitted_by": null, "practice": 5, "entity": 2, "specialty": 10, "date": "2019-05-07", "submitted_on": "2019-08-14T22:45:53.009Z", "visits": 5, "workdays": 7, "noshows": 2, "provider": 24, "last_updated": "2019-08-14T22:45:53.009Z"}}, {"model": "practices.dailysummary", "pk": 176, "fields": {"submitted_by": null, "practice": 4, "entity": 2, "specialty": 5, "date": "2019-05-08", "submitted_on": "2019-08-14T22:45:53.024Z", "visits": 3, "workdays": 8, "noshows": 0, "provider": 23, "last_updated": "2019-08-14T22:45:53.024Z"}}, {"model": "practices.collection", "pk": 1, "fields": {"submitted_by": null, "practice": 1, "entity": 1, "date": "2019-02-01", "submitted_on": "2019-08-14T22:58:20.966Z", "last_updated": "2019-08-14T22:58:20.966Z", "amount": "300.00"}}, {"model": "practices.collection", "pk": 2, "fields": {"submitted_by": null, "practice": 1, "entity": 1, "date": "2019-02-02", "submitted_on": "2019-08-14T22:58:21.008Z", "last_updated": "2019-08-14T22:58:21.008Z", "amount": "200.00"}}, {"model": "practices.collection", "pk": 3, "fields": {"submitted_by": null, "practice": 2, "entity": 1, "date": "2019-02-03", "submitted_on": "2019-08-14T22:58:21.010Z", "last_updated": "2019-08-14T22:58:21.010Z", "amount": "300.00"}}, {"model": "practices.collection", "pk": 4, "fields": {"submitted_by": null, "practice": 3, "entity": 1, "date": "2019-02-04", "submitted_on": "2019-08-14T22:58:21.012Z", "last_updated": "2019-08-14T22:58:21.012Z", "amount": "550.00"}}, {"model": "practices.collection", "pk": 5, "fields": {"submitted_by": null, "practice": 3, "entity": 1, "date": "2019-02-05", "submitted_on": "2019-08-14T22:58:21.013Z", "last_updated": "2019-08-14T22:58:21.013Z", "amount": "400.00"}}, {"model": "practices.collection", "pk": 6, "fields": {"submitted_by": null, "practice": 1, "entity": 1, "date": "2019-02-06", "submitted_on": "2019-08-14T22:58:21.015Z", "last_updated": "2019-08-14T22:58:21.015Z", "amount": "200.00"}}, {"model": "practices.collection", "pk": 7, "fields": {"submitted_by": null, "practice": 1, "entity": 1, "date": "2019-02-07", "submitted_on": "2019-08-14T22:58:21.017Z", "last_updated": "2019-08-14T22:58:21.017Z", "amount": "150.00"}}, {"model": "practices.collection", "pk": 8, "fields": {"submitted_by": null, "practice": 2, "entity": 1, "date": "2019-02-08", "submitted_on": "2019-08-14T22:58:21.018Z", "last_updated": "2019-08-14T22:58:21.018Z", "amount": "150.00"}}, {"model": "practices.collection", "pk": 9, "fields": {"submitted_by": null, "practice": 3, "entity": 1, "date": "2019-02-09", "submitted_on": "2019-08-14T22:58:21.020Z", "last_updated": "2019-08-14T22:58:21.020Z", "amount": "250.00"}}, {"model": "practices.collection", "pk": 10, "fields": {"submitted_by": null, "practice": 3, "entity": 1, "date": "2019-02-10", "submitted_on": "2019-08-14T22:58:21.021Z", "last_updated": "2019-08-14T22:58:21.021Z", "amount": "250.00"}}, {"model": "practices.collection", "pk": 11, "fields": {"submitted_by": null, "practice": 1, "entity": 1, "date": "2019-02-11", "submitted_on": "2019-08-14T22:58:21.023Z", "last_updated": "2019-08-14T22:58:21.023Z", "amount": "250.00"}}, {"model": "practices.collection", "pk": 12, "fields": {"submitted_by": null, "practice": 1, "entity": 1, "date": "2019-02-12", "submitted_on": "2019-08-14T22:58:21.025Z", "last_updated": "2019-08-14T22:58:21.025Z", "amount": "250.00"}}, {"model": "practices.collection", "pk": 13, "fields": {"submitted_by": null, "practice": 2, "entity": 1, "date": "2019-02-13", "submitted_on": "2019-08-14T22:58:21.026Z", "last_updated": "2019-08-14T22:58:21.026Z", "amount": "250.00"}}, {"model": "practices.collection", "pk": 14, "fields": {"submitted_by": null, "practice": 3, "entity": 1, "date": "2019-02-14", "submitted_on": "2019-08-14T22:58:21.028Z", "last_updated": "2019-08-14T22:58:21.028Z", "amount": "250.00"}}, {"model": "practices.collection", "pk": 15, "fields": {"submitted_by": null, "practice": 3, "entity": 1, "date": "2019-02-15", "submitted_on": "2019-08-14T22:58:21.029Z", "last_updated": "2019-08-14T22:58:21.029Z", "amount": "150.00"}}, {"model": "practices.collection", "pk": 16, "fields": {"submitted_by": null, "practice": 1, "entity": 1, "date": "2019-02-16", "submitted_on": "2019-08-14T22:58:21.031Z", "last_updated": "2019-08-14T22:58:21.031Z", "amount": "250.00"}}, {"model": "practices.collection", "pk": 17, "fields": {"submitted_by": null, "practice": 1, "entity": 1, "date": "2019-02-17", "submitted_on": "2019-08-14T22:58:21.033Z", "last_updated": "2019-08-14T22:58:21.033Z", "amount": "150.00"}}, {"model": "practices.collection", "pk": 18, "fields": {"submitted_by": null, "practice": 2, "entity": 1, "date": "2019-02-18", "submitted_on": "2019-08-14T22:58:21.034Z", "last_updated": "2019-08-14T22:58:21.034Z", "amount": "200.00"}}, {"model": "practices.collection", "pk": 19, "fields": {"submitted_by": null, "practice": 3, "entity": 1, "date": "2019-02-19", "submitted_on": "2019-08-14T22:58:21.036Z", "last_updated": "2019-08-14T22:58:21.036Z", "amount": "200.00"}}, {"model": "practices.collection", "pk": 20, "fields": {"submitted_by": null, "practice": 3, "entity": 1, "date": "2019-02-20", "submitted_on": "2019-08-14T22:58:21.037Z", "last_updated": "2019-08-14T22:58:21.037Z", "amount": "200.00"}}, {"model": "practices.collection", "pk": 21, "fields": {"submitted_by": null, "practice": 1, "entity": 1, "date": "2019-02-21", "submitted_on": "2019-08-14T22:58:21.039Z", "last_updated": "2019-08-14T22:58:21.039Z", "amount": "200.00"}}, {"model": "practices.collection", "pk": 22, "fields": {"submitted_by": null, "practice": 1, "entity": 1, "date": "2019-02-22", "submitted_on": "2019-08-14T22:58:21.040Z", "last_updated": "2019-08-14T22:58:21.040Z", "amount": "250.00"}}, {"model": "practices.collection", "pk": 23, "fields": {"submitted_by": null, "practice": 2, "entity": 1, "date": "2019-02-23", "submitted_on": "2019-08-14T22:58:21.042Z", "last_updated": "2019-08-14T22:58:21.042Z", "amount": "150.00"}}, {"model": "practices.collection", "pk": 24, "fields": {"submitted_by": null, "practice": 3, "entity": 1, "date": "2019-02-24", "submitted_on": "2019-08-14T22:58:21.044Z", "last_updated": "2019-08-14T22:58:21.044Z", "amount": "250.00"}}, {"model": "practices.collection", "pk": 25, "fields": {"submitted_by": null, "practice": 3, "entity": 1, "date": "2019-02-25", "submitted_on": "2019-08-14T22:58:21.045Z", "last_updated": "2019-08-14T22:58:21.045Z", "amount": "250.00"}}, {"model": "practices.collection", "pk": 26, "fields": {"submitted_by": null, "practice": 1, "entity": 1, "date": "2019-02-26", "submitted_on": "2019-08-14T22:58:21.047Z", "last_updated": "2019-08-14T22:58:21.047Z", "amount": "250.00"}}, {"model": "practices.collection", "pk": 27, "fields": {"submitted_by": null, "practice": 1, "entity": 1, "date": "2019-02-27", "submitted_on": "2019-08-14T22:58:21.048Z", "last_updated": "2019-08-14T22:58:21.048Z", "amount": "250.00"}}, {"model": "practices.collection", "pk": 28, "fields": {"submitted_by": null, "practice": 2, "entity": 1, "date": "2019-02-28", "submitted_on": "2019-08-14T22:58:21.050Z", "last_updated": "2019-08-14T22:58:21.050Z", "amount": "200.00"}}, {"model": "practices.collection", "pk": 29, "fields": {"submitted_by": null, "practice": 3, "entity": 1, "date": "2019-03-01", "submitted_on": "2019-08-14T22:58:21.052Z", "last_updated": "2019-08-14T22:58:21.052Z", "amount": "200.00"}}, {"model": "practices.collection", "pk": 30, "fields": {"submitted_by": null, "practice": 3, "entity": 1, "date": "2019-03-02", "submitted_on": "2019-08-14T22:58:21.053Z", "last_updated": "2019-08-14T22:58:21.053Z", "amount": "250.00"}}, {"model": "practices.collection", "pk": 31, "fields": {"submitted_by": null, "practice": 1, "entity": 1, "date": "2019-03-03", "submitted_on": "2019-08-14T22:58:21.055Z", "last_updated": "2019-08-14T22:58:21.055Z", "amount": "250.00"}}, {"model": "practices.collection", "pk": 32, "fields": {"submitted_by": null, "practice": 1, "entity": 1, "date": "2019-03-04", "submitted_on": "2019-08-14T22:58:21.057Z", "last_updated": "2019-08-14T22:58:21.057Z", "amount": "250.00"}}, {"model": "practices.collection", "pk": 33, "fields": {"submitted_by": null, "practice": 2, "entity": 1, "date": "2019-03-05", "submitted_on": "2019-08-14T22:58:21.058Z", "last_updated": "2019-08-14T22:58:21.058Z", "amount": "150.00"}}, {"model": "practices.collection", "pk": 34, "fields": {"submitted_by": null, "practice": 3, "entity": 1, "date": "2019-03-06", "submitted_on": "2019-08-14T22:58:21.060Z", "last_updated": "2019-08-14T22:58:21.060Z", "amount": "150.00"}}, {"model": "practices.collection", "pk": 35, "fields": {"submitted_by": null, "practice": 3, "entity": 1, "date": "2019-03-07", "submitted_on": "2019-08-14T22:58:21.061Z", "last_updated": "2019-08-14T22:58:21.061Z", "amount": "250.00"}}, {"model": "practices.collection", "pk": 36, "fields": {"submitted_by": null, "practice": 1, "entity": 1, "date": "2019-03-08", "submitted_on": "2019-08-14T22:58:21.063Z", "last_updated": "2019-08-14T22:58:21.063Z", "amount": "150.00"}}, {"model": "practices.collection", "pk": 37, "fields": {"submitted_by": null, "practice": 1, "entity": 1, "date": "2019-03-09", "submitted_on": "2019-08-14T22:58:21.064Z", "last_updated": "2019-08-14T22:58:21.064Z", "amount": "250.00"}}, {"model": "practices.collection", "pk": 38, "fields": {"submitted_by": null, "practice": 2, "entity": 1, "date": "2019-03-10", "submitted_on": "2019-08-14T22:58:21.066Z", "last_updated": "2019-08-14T22:58:21.066Z", "amount": "250.00"}}, {"model": "practices.collection", "pk": 39, "fields": {"submitted_by": null, "practice": 3, "entity": 1, "date": "2019-03-11", "submitted_on": "2019-08-14T22:58:21.068Z", "last_updated": "2019-08-14T22:58:21.068Z", "amount": "150.00"}}, {"model": "practices.collection", "pk": 40, "fields": {"submitted_by": null, "practice": 3, "entity": 1, "date": "2019-03-12", "submitted_on": "2019-08-14T22:58:21.069Z", "last_updated": "2019-08-14T22:58:21.069Z", "amount": "250.00"}}, {"model": "practices.collection", "pk": 41, "fields": {"submitted_by": null, "practice": 1, "entity": 1, "date": "2019-03-13", "submitted_on": "2019-08-14T22:58:21.070Z", "last_updated": "2019-08-14T22:58:21.070Z", "amount": "150.00"}}, {"model": "practices.collection", "pk": 42, "fields": {"submitted_by": null, "practice": 1, "entity": 1, "date": "2019-03-14", "submitted_on": "2019-08-14T22:58:21.072Z", "last_updated": "2019-08-14T22:58:21.072Z", "amount": "250.00"}}, {"model": "practices.collection", "pk": 43, "fields": {"submitted_by": null, "practice": 2, "entity": 1, "date": "2019-03-15", "submitted_on": "2019-08-14T22:58:21.074Z", "last_updated": "2019-08-14T22:58:21.074Z", "amount": "150.00"}}, {"model": "practices.collection", "pk": 44, "fields": {"submitted_by": null, "practice": 3, "entity": 1, "date": "2019-03-16", "submitted_on": "2019-08-14T22:58:21.075Z", "last_updated": "2019-08-14T22:58:21.075Z", "amount": "200.00"}}, {"model": "practices.collection", "pk": 45, "fields": {"submitted_by": null, "practice": 3, "entity": 1, "date": "2019-03-17", "submitted_on": "2019-08-14T22:58:21.077Z", "last_updated": "2019-08-14T22:58:21.077Z", "amount": "250.00"}}, {"model": "practices.collection", "pk": 46, "fields": {"submitted_by": null, "practice": 1, "entity": 1, "date": "2019-03-18", "submitted_on": "2019-08-14T22:58:21.078Z", "last_updated": "2019-08-14T22:58:21.078Z", "amount": "250.00"}}, {"model": "practices.collection", "pk": 47, "fields": {"submitted_by": null, "practice": 1, "entity": 1, "date": "2019-03-19", "submitted_on": "2019-08-14T22:58:21.080Z", "last_updated": "2019-08-14T22:58:21.080Z", "amount": "250.00"}}, {"model": "practices.collection", "pk": 48, "fields": {"submitted_by": null, "practice": 2, "entity": 1, "date": "2019-03-20", "submitted_on": "2019-08-14T22:58:21.082Z", "last_updated": "2019-08-14T22:58:21.082Z", "amount": "250.00"}}, {"model": "practices.collection", "pk": 49, "fields": {"submitted_by": null, "practice": 3, "entity": 1, "date": "2019-03-21", "submitted_on": "2019-08-14T22:58:21.083Z", "last_updated": "2019-08-14T22:58:21.083Z", "amount": "150.00"}}, {"model": "practices.collection", "pk": 50, "fields": {"submitted_by": null, "practice": 3, "entity": 1, "date": "2019-03-22", "submitted_on": "2019-08-14T22:58:21.085Z", "last_updated": "2019-08-14T22:58:21.085Z", "amount": "150.00"}}, {"model": "practices.collection", "pk": 51, "fields": {"submitted_by": null, "practice": 1, "entity": 1, "date": "2019-03-23", "submitted_on": "2019-08-14T22:58:21.086Z", "last_updated": "2019-08-14T22:58:21.086Z", "amount": "150.00"}}, {"model": "practices.collection", "pk": 52, "fields": {"submitted_by": null, "practice": 1, "entity": 1, "date": "2019-03-24", "submitted_on": "2019-08-14T22:58:21.088Z", "last_updated": "2019-08-14T22:58:21.088Z", "amount": "200.00"}}, {"model": "practices.collection", "pk": 53, "fields": {"submitted_by": null, "practice": 2, "entity": 1, "date": "2019-03-25", "submitted_on": "2019-08-14T22:58:21.090Z", "last_updated": "2019-08-14T22:58:21.090Z", "amount": "250.00"}}, {"model": "practices.collection", "pk": 54, "fields": {"submitted_by": null, "practice": 3, "entity": 1, "date": "2019-03-26", "submitted_on": "2019-08-14T22:58:21.091Z", "last_updated": "2019-08-14T22:58:21.091Z", "amount": "250.00"}}, {"model": "practices.collection", "pk": 55, "fields": {"submitted_by": null, "practice": 3, "entity": 1, "date": "2019-03-27", "submitted_on": "2019-08-14T22:58:21.093Z", "last_updated": "2019-08-14T22:58:21.093Z", "amount": "200.00"}}, {"model": "practices.collection", "pk": 56, "fields": {"submitted_by": null, "practice": 1, "entity": 1, "date": "2019-03-28", "submitted_on": "2019-08-14T22:58:21.094Z", "last_updated": "2019-08-14T22:58:21.094Z", "amount": "150.00"}}, {"model": "practices.collection", "pk": 57, "fields": {"submitted_by": null, "practice": 1, "entity": 1, "date": "2019-03-29", "submitted_on": "2019-08-14T22:58:21.096Z", "last_updated": "2019-08-14T22:58:21.096Z", "amount": "200.00"}}, {"model": "practices.collection", "pk": 58, "fields": {"submitted_by": null, "practice": 2, "entity": 1, "date": "2019-03-30", "submitted_on": "2019-08-14T22:58:21.098Z", "last_updated": "2019-08-14T22:58:21.098Z", "amount": "250.00"}}, {"model": "practices.collection", "pk": 59, "fields": {"submitted_by": null, "practice": 3, "entity": 1, "date": "2019-03-31", "submitted_on": "2019-08-14T22:58:21.099Z", "last_updated": "2019-08-14T22:58:21.099Z", "amount": "250.00"}}, {"model": "practices.collection", "pk": 60, "fields": {"submitted_by": null, "practice": 3, "entity": 1, "date": "2019-04-01", "submitted_on": "2019-08-14T22:58:21.101Z", "last_updated": "2019-08-14T22:58:21.101Z", "amount": "150.00"}}, {"model": "practices.collection", "pk": 61, "fields": {"submitted_by": null, "practice": 1, "entity": 1, "date": "2019-04-02", "submitted_on": "2019-08-14T22:58:21.102Z", "last_updated": "2019-08-14T22:58:21.102Z", "amount": "150.00"}}, {"model": "practices.collection", "pk": 62, "fields": {"submitted_by": null, "practice": 1, "entity": 1, "date": "2019-04-03", "submitted_on": "2019-08-14T22:58:21.104Z", "last_updated": "2019-08-14T22:58:21.104Z", "amount": "250.00"}}, {"model": "practices.collection", "pk": 63, "fields": {"submitted_by": null, "practice": 2, "entity": 1, "date": "2019-04-04", "submitted_on": "2019-08-14T22:58:21.106Z", "last_updated": "2019-08-14T22:58:21.106Z", "amount": "150.00"}}, {"model": "practices.collection", "pk": 64, "fields": {"submitted_by": null, "practice": 3, "entity": 1, "date": "2019-04-05", "submitted_on": "2019-08-14T22:58:21.107Z", "last_updated": "2019-08-14T22:58:21.107Z", "amount": "150.00"}}, {"model": "practices.collection", "pk": 65, "fields": {"submitted_by": null, "practice": 3, "entity": 1, "date": "2019-04-06", "submitted_on": "2019-08-14T22:58:21.109Z", "last_updated": "2019-08-14T22:58:21.109Z", "amount": "200.00"}}, {"model": "practices.collection", "pk": 66, "fields": {"submitted_by": null, "practice": 1, "entity": 1, "date": "2019-04-07", "submitted_on": "2019-08-14T22:58:21.111Z", "last_updated": "2019-08-14T22:58:21.111Z", "amount": "150.00"}}, {"model": "practices.collection", "pk": 67, "fields": {"submitted_by": null, "practice": 1, "entity": 1, "date": "2019-04-08", "submitted_on": "2019-08-14T22:58:21.112Z", "last_updated": "2019-08-14T22:58:21.112Z", "amount": "200.00"}}, {"model": "practices.collection", "pk": 68, "fields": {"submitted_by": null, "practice": 2, "entity": 1, "date": "2019-04-09", "submitted_on": "2019-08-14T22:58:21.114Z", "last_updated": "2019-08-14T22:58:21.114Z", "amount": "250.00"}}, {"model": "practices.collection", "pk": 69, "fields": {"submitted_by": null, "practice": 3, "entity": 1, "date": "2019-04-10", "submitted_on": "2019-08-14T22:58:21.115Z", "last_updated": "2019-08-14T22:58:21.115Z", "amount": "150.00"}}, {"model": "practices.collection", "pk": 70, "fields": {"submitted_by": null, "practice": 3, "entity": 1, "date": "2019-04-11", "submitted_on": "2019-08-14T22:58:21.117Z", "last_updated": "2019-08-14T22:58:21.117Z", "amount": "250.00"}}, {"model": "practices.collection", "pk": 71, "fields": {"submitted_by": null, "practice": 1, "entity": 1, "date": "2019-04-12", "submitted_on": "2019-08-14T22:58:21.119Z", "last_updated": "2019-08-14T22:58:21.119Z", "amount": "150.00"}}, {"model": "practices.collection", "pk": 72, "fields": {"submitted_by": null, "practice": 1, "entity": 1, "date": "2019-04-13", "submitted_on": "2019-08-14T22:58:21.120Z", "last_updated": "2019-08-14T22:58:21.120Z", "amount": "150.00"}}, {"model": "practices.collection", "pk": 73, "fields": {"submitted_by": null, "practice": 2, "entity": 1, "date": "2019-04-14", "submitted_on": "2019-08-14T22:58:21.122Z", "last_updated": "2019-08-14T22:58:21.122Z", "amount": "250.00"}}, {"model": "practices.collection", "pk": 74, "fields": {"submitted_by": null, "practice": 3, "entity": 1, "date": "2019-04-15", "submitted_on": "2019-08-14T22:58:21.123Z", "last_updated": "2019-08-14T22:58:21.123Z", "amount": "250.00"}}, {"model": "practices.collection", "pk": 75, "fields": {"submitted_by": null, "practice": 3, "entity": 1, "date": "2019-04-16", "submitted_on": "2019-08-14T22:58:21.125Z", "last_updated": "2019-08-14T22:58:21.125Z", "amount": "200.00"}}, {"model": "practices.collection", "pk": 76, "fields": {"submitted_by": null, "practice": 1, "entity": 1, "date": "2019-04-17", "submitted_on": "2019-08-14T22:58:21.126Z", "last_updated": "2019-08-14T22:58:21.126Z", "amount": "250.00"}}, {"model": "practices.collection", "pk": 77, "fields": {"submitted_by": null, "practice": 1, "entity": 1, "date": "2019-04-18", "submitted_on": "2019-08-14T22:58:21.128Z", "last_updated": "2019-08-14T22:58:21.128Z", "amount": "150.00"}}, {"model": "practices.collection", "pk": 78, "fields": {"submitted_by": null, "practice": 2, "entity": 1, "date": "2019-04-19", "submitted_on": "2019-08-14T22:58:21.130Z", "last_updated": "2019-08-14T22:58:21.130Z", "amount": "200.00"}}, {"model": "practices.collection", "pk": 79, "fields": {"submitted_by": null, "practice": 3, "entity": 1, "date": "2019-04-20", "submitted_on": "2019-08-14T22:58:21.132Z", "last_updated": "2019-08-14T22:58:21.132Z", "amount": "150.00"}}, {"model": "practices.collection", "pk": 80, "fields": {"submitted_by": null, "practice": 3, "entity": 1, "date": "2019-04-21", "submitted_on": "2019-08-14T22:58:21.133Z", "last_updated": "2019-08-14T22:58:21.133Z", "amount": "200.00"}}, {"model": "practices.collection", "pk": 81, "fields": {"submitted_by": null, "practice": 1, "entity": 1, "date": "2019-04-22", "submitted_on": "2019-08-14T22:58:21.135Z", "last_updated": "2019-08-14T22:58:21.135Z", "amount": "250.00"}}, {"model": "practices.collection", "pk": 82, "fields": {"submitted_by": null, "practice": 1, "entity": 1, "date": "2019-04-23", "submitted_on": "2019-08-14T22:58:21.136Z", "last_updated": "2019-08-14T22:58:21.136Z", "amount": "150.00"}}, {"model": "practices.collection", "pk": 83, "fields": {"submitted_by": null, "practice": 2, "entity": 1, "date": "2019-04-24", "submitted_on": "2019-08-14T22:58:21.138Z", "last_updated": "2019-08-14T22:58:21.138Z", "amount": "150.00"}}, {"model": "practices.collection", "pk": 84, "fields": {"submitted_by": null, "practice": 3, "entity": 1, "date": "2019-04-25", "submitted_on": "2019-08-14T22:58:21.140Z", "last_updated": "2019-08-14T22:58:21.140Z", "amount": "200.00"}}, {"model": "practices.collection", "pk": 85, "fields": {"submitted_by": null, "practice": 3, "entity": 1, "date": "2019-04-26", "submitted_on": "2019-08-14T22:58:21.141Z", "last_updated": "2019-08-14T22:58:21.141Z", "amount": "250.00"}}, {"model": "practices.collection", "pk": 86, "fields": {"submitted_by": null, "practice": 1, "entity": 1, "date": "2019-04-27", "submitted_on": "2019-08-14T22:58:21.142Z", "last_updated": "2019-08-14T22:58:21.142Z", "amount": "200.00"}}, {"model": "practices.collection", "pk": 87, "fields": {"submitted_by": null, "practice": 1, "entity": 1, "date": "2019-04-28", "submitted_on": "2019-08-14T22:58:21.144Z", "last_updated": "2019-08-14T22:58:21.144Z", "amount": "150.00"}}, {"model": "practices.collection", "pk": 88, "fields": {"submitted_by": null, "practice": 2, "entity": 1, "date": "2019-04-29", "submitted_on": "2019-08-14T22:58:21.146Z", "last_updated": "2019-08-14T22:58:21.146Z", "amount": "150.00"}}, {"model": "practices.collection", "pk": 89, "fields": {"submitted_by": null, "practice": 3, "entity": 1, "date": "2019-04-30", "submitted_on": "2019-08-14T22:58:21.147Z", "last_updated": "2019-08-14T22:58:21.147Z", "amount": "150.00"}}, {"model": "practices.collection", "pk": 90, "fields": {"submitted_by": null, "practice": 3, "entity": 1, "date": "2019-05-01", "submitted_on": "2019-08-14T22:58:21.149Z", "last_updated": "2019-08-14T22:58:21.149Z", "amount": "200.00"}}, {"model": "practices.collection", "pk": 91, "fields": {"submitted_by": null, "practice": 1, "entity": 1, "date": "2019-05-02", "submitted_on": "2019-08-14T22:58:21.151Z", "last_updated": "2019-08-14T22:58:21.151Z", "amount": "150.00"}}, {"model": "practices.collection", "pk": 92, "fields": {"submitted_by": null, "practice": 1, "entity": 1, "date": "2019-05-03", "submitted_on": "2019-08-14T22:58:21.152Z", "last_updated": "2019-08-14T22:58:21.152Z", "amount": "200.00"}}, {"model": "practices.collection", "pk": 93, "fields": {"submitted_by": null, "practice": 2, "entity": 1, "date": "2019-05-04", "submitted_on": "2019-08-14T22:58:21.154Z", "last_updated": "2019-08-14T22:58:21.154Z", "amount": "150.00"}}, {"model": "practices.collection", "pk": 94, "fields": {"submitted_by": null, "practice": 5, "entity": 2, "date": "2019-05-05", "submitted_on": "2019-08-14T22:58:21.155Z", "last_updated": "2019-08-14T22:58:21.155Z", "amount": "150.00"}}, {"model": "practices.collection", "pk": 95, "fields": {"submitted_by": null, "practice": 5, "entity": 2, "date": "2019-05-06", "submitted_on": "2019-08-14T22:58:21.157Z", "last_updated": "2019-08-14T22:58:21.157Z", "amount": "200.00"}}, {"model": "practices.collection", "pk": 96, "fields": {"submitted_by": null, "practice": 5, "entity": 2, "date": "2019-05-07", "submitted_on": "2019-08-14T22:58:21.158Z", "last_updated": "2019-08-14T22:58:21.158Z", "amount": "250.00"}}, {"model": "practices.collection", "pk": 97, "fields": {"submitted_by": null, "practice": 4, "entity": 2, "date": "2019-05-08", "submitted_on": "2019-08-14T22:58:21.160Z", "last_updated": "2019-08-14T22:58:21.160Z", "amount": "150.00"}}, {"model": "authtoken.token", "pk": "e40f1762d2a9567cef868ef30f56657e43506704", "fields": {"user": 4, "created": "2019-08-15T16:15:05.444Z"}}, {"model": "admin.logentry", "pk": 1, "fields": {"action_time": "2019-08-13T23:48:14.042Z", "user": 1, "content_type": 7, "object_id": "2", "object_repr": "Sam Jenkins", "action_flag": 1, "change_message": "[{\"added\": {}}]"}}, {"model": "admin.logentry", "pk": 2, "fields": {"action_time": "2019-08-13T23:48:22.798Z", "user": 1, "content_type": 7, "object_id": "2", "object_repr": "Sam Jenkins", "action_flag": 2, "change_message": "[]"}}, {"model": "admin.logentry", "pk": 3, "fields": {"action_time": "2019-08-13T23:49:21.337Z", "user": 1, "content_type": 7, "object_id": "3", "object_repr": "Jane Smith", "action_flag": 1, "change_message": "[{\"added\": {}}]"}}, {"model": "admin.logentry", "pk": 4, "fields": {"action_time": "2019-08-13T23:50:18.366Z", "user": 1, "content_type": 10, "object_id": "6", "object_repr": "Independent Health", "action_flag": 1, "change_message": "[{\"added\": {}}]"}}, {"model": "admin.logentry", "pk": 5, "fields": {"action_time": "2019-08-13T23:51:11.409Z", "user": 1, "content_type": 7, "object_id": "4", "object_repr": "Joe Smith", "action_flag": 1, "change_message": "[{\"added\": {}}]"}}, {"model": "admin.logentry", "pk": 6, "fields": {"action_time": "2019-08-14T00:15:26.153Z", "user": 1, "content_type": 7, "object_id": "5", "object_repr": "Jane Smith", "action_flag": 1, "change_message": "[{\"added\": {}}]"}}, {"model": "admin.logentry", "pk": 7, "fields": {"action_time": "2019-08-14T00:16:03.105Z", "user": 1, "content_type": 7, "object_id": "5", "object_repr": "Jane Smith", "action_flag": 3, "change_message": ""}}, {"model": "admin.logentry", "pk": 8, "fields": {"action_time": "2019-08-14T05:10:52.786Z", "user": 1, "content_type": 11, "object_id": "4", "object_repr": "Bob Alps, MD, Mba", "action_flag": 2, "change_message": "[{\"changed\": {\"fields\": [\"specialties\"]}}]"}}, {"model": "admin.logentry", "pk": 9, "fields": {"action_time": "2019-08-14T05:32:02.635Z", "user": 1, "content_type": 11, "object_id": "9", "object_repr": "John Smith, BA", "action_flag": 1, "change_message": "[{\"added\": {}}]"}}, {"model": "admin.logentry", "pk": 10, "fields": {"action_time": "2019-08-14T22:25:01.789Z", "user": 1, "content_type": 11, "object_id": "6", "object_repr": "Joe Heffer, MD", "action_flag": 2, "change_message": "[{\"changed\": {\"fields\": [\"practices\", \"specialties\"]}}]"}}, {"model": "admin.logentry", "pk": 11, "fields": {"action_time": "2019-08-14T22:28:05.805Z", "user": 1, "content_type": 11, "object_id": "9", "object_repr": "John Smith, BA", "action_flag": 3, "change_message": ""}}, {"model": "admin.logentry", "pk": 12, "fields": {"action_time": "2019-08-14T22:42:20.073Z", "user": 1, "content_type": 11, "object_id": "14", "object_repr": "Bob Alps, MD, Mba", "action_flag": 3, "change_message": ""}}, {"model": "admin.logentry", "pk": 13, "fields": {"action_time": "2019-08-14T22:42:20.079Z", "user": 1, "content_type": 11, "object_id": "4", "object_repr": "Bob Alps, MD, Mba", "action_flag": 3, "change_message": ""}}, {"model": "admin.logentry", "pk": 14, "fields": {"action_time": "2019-08-14T22:42:20.080Z", "user": 1, "content_type": 11, "object_id": "16", "object_repr": "Joe Heffer, MD", "action_flag": 3, "change_message": ""}}, {"model": "admin.logentry", "pk": 15, "fields": {"action_time": "2019-08-14T22:42:20.080Z", "user": 1, "content_type": 11, "object_id": "6", "object_repr": "Joe Heffer, MD", "action_flag": 3, "change_message": ""}}, {"model": "admin.logentry", "pk": 16, "fields": {"action_time": "2019-08-14T22:42:20.081Z", "user": 1, "content_type": 11, "object_id": "17", "object_repr": "Jane Sloane, MD, Mba", "action_flag": 3, "change_message": ""}}, {"model": "admin.logentry", "pk": 17, "fields": {"action_time": "2019-08-14T22:42:20.082Z", "user": 1, "content_type": 11, "object_id": "7", "object_repr": "Jane Sloane, MD, Mba", "action_flag": 3, "change_message": ""}}, {"model": "admin.logentry", "pk": 18, "fields": {"action_time": "2019-08-14T22:42:20.083Z", "user": 1, "content_type": 11, "object_id": "13", "object_repr": "John Smith, MD", "action_flag": 3, "change_message": ""}}, {"model": "admin.logentry", "pk": 19, "fields": {"action_time": "2019-08-14T22:42:20.083Z", "user": 1, "content_type": 11, "object_id": "11", "object_repr": "John Smith, MD", "action_flag": 3, "change_message": ""}}, {"model": "admin.logentry", "pk": 20, "fields": {"action_time": "2019-08-14T22:42:20.084Z", "user": 1, "content_type": 11, "object_id": "1", "object_repr": "John Smith, MD", "action_flag": 3, "change_message": ""}}, {"model": "admin.logentry", "pk": 21, "fields": {"action_time": "2019-08-14T22:42:20.084Z", "user": 1, "content_type": 11, "object_id": "12", "object_repr": "Nicole Yang, MD", "action_flag": 3, "change_message": ""}}, {"model": "admin.logentry", "pk": 22, "fields": {"action_time": "2019-08-14T22:42:20.085Z", "user": 1, "content_type": 11, "object_id": "2", "object_repr": "Nicole Yang, MD", "action_flag": 3, "change_message": ""}}, {"model": "admin.logentry", "pk": 23, "fields": {"action_time": "2019-08-14T22:42:20.085Z", "user": 1, "content_type": 11, "object_id": "15", "object_repr": "Jamie Young, MD, PhD", "action_flag": 3, "change_message": ""}}, {"model": "admin.logentry", "pk": 24, "fields": {"action_time": "2019-08-14T22:42:20.086Z", "user": 1, "content_type": 11, "object_id": "5", "object_repr": "Jamie Young, MD, PhD", "action_flag": 3, "change_message": ""}}]